Author;AlgorithmID;ModelID;ModelName;Model_Features;Model_Constraints;SystemIteration;AlgorithmIteration;Timeout;InTime;NoError;Time;Size;T-Value;Validity;Valid Conditions;Coverage;ROIC;MSOC;FIMD;ICST;Runtime;Throughput;TotalCreatedBytes;TotalPauseTime;AveragePauseTime
Joshua Sprey;Incling_t2;0;Automotive02_V2;17743;360672;1;1;86400000;false;true;86400017;0;2;-1;-1;-1;-1;-1;-1;-1;86393.77133;99.43624;13058552;487.05518;0.0321
Joshua Sprey;Incling_t2;1;Automotive01;2514;12789;1;1;86400000;true;true;2114515;1136;2;1;9875403;1;-1;-1;-1;-1;2043.81612;99.81267;253772;3.82867;0.01005
Joshua Sprey;Incling_t2;2;Automotive02_V4;18617;368804;1;1;86400000;false;true;86400004;0;2;-1;-1;-1;-1;-1;-1;-1;86396.6522;99.37663;13508960;538.57342;0.03319
Joshua Sprey;Incling_t2;3;Automotive02_V3;18435;365986;1;1;86400000;false;true;86400005;0;2;-1;-1;-1;-1;-1;-1;-1;86395.78273;99.64318;12523716;308.27358;0.02024
Joshua Sprey;Incling_t2;4;Linux_2.6.33.3;6468;48732;1;1;86400000;true;true;3192851;701;2;1;72122926;1;-1;-1;-1;-1;2035.85256;99.91125;122770;1.80691;0.00941
Joshua Sprey;Incling_t2;5;Automotive02_V1;14011;251713;1;1;86400000;false;true;86400004;0;2;-1;-1;-1;-1;-1;-1;-1;86393.61734;99.68617;14438319;271.12678;0.01282
