Author;AlgorithmID;ModelID;ModelName;Model_Features;Model_Constraints;SystemIteration;AlgorithmIteration;Timeout;InTime;NoError;Time;Size;T-Value;Validity;Valid Conditions;Coverage;ROIC;MSOC;FIMD;ICST;Runtime;Throughput;TotalCreatedBytes;TotalPauseTime;AveragePauseTime
Joshua Sprey;YASA_t2_m1;0;Automotive02_V2;17743;360672;1;1;86400000;false;true;86400023;0;2;-1;-1;-1;-1;-1;-1;-1;86394.42474;99.36804;3735918;545.97608;0.06353
Joshua Sprey;YASA_t2_m1;1;Automotive01;2514;12789;1;1;86400000;true;true;245214;1007;2;1;9875403;1;-1;-1;-1;-1;221.17546;99.85724;10933;0.31576;0.01579
Joshua Sprey;YASA_t2_m1;2;Automotive02_V4;18617;368804;1;1;86400000;false;true;86400003;0;2;-1;-1;-1;-1;-1;-1;-1;86385.25074;99.3482;3868471;563.05846;0.06265
Joshua Sprey;YASA_t2_m1;3;Automotive02_V3;18435;365986;1;1;86400000;false;true;86400005;0;2;-1;-1;-1;-1;-1;-1;-1;86394.58759;99.3424;3831134;568.12851;0.06441
Joshua Sprey;YASA_t2_m1;4;Linux_2.6.33.3;6468;48732;1;1;86400000;true;true;1407934;538;2;1;72122926;1;-1;-1;-1;-1;1400.9015;99.94636;50610;0.75146;0.00884
Joshua Sprey;YASA_t2_m1;5;Automotive02_V1;14011;251713;1;1;86400000;false;true;86400004;0;2;-1;-1;-1;-1;-1;-1;-1;86385.70713;99.67381;2846903;281.78544;0.05116
